motif_id	motif_alt_id	sequence_name	start	stop	strand	score	p-value	q-value	matched_sequence
MA0079.1	SP1	14164	582	591	-	15.4954	4.13e-07	0.0219	GGGGCGGGGT
MA0079.1	SP1	8807	871	880	-	15.4954	4.13e-07	0.0219	GGGGCGGGGT
MA0079.1	SP1	8999	937	946	-	15.4954	4.13e-07	0.0219	GGGGCGGGGT
MA0079.1	SP1	8807	977	986	-	15.4954	4.13e-07	0.0219	GGGGCGGGGT
MA0079.1	SP1	10109	116	125	+	15.4954	4.13e-07	0.0219	GGGGCGGGGT
MA0079.1	SP1	10081	674	683	+	14.2202	2.43e-06	0.048	GAGGCGGGGT
MA0079.1	SP1	7749	837	846	-	14.2202	2.43e-06	0.048	GAGGCGGGGT
MA0079.1	SP1	252	377	386	+	14.1835	2.84e-06	0.048	GGGGGGGGGT
MA0079.1	SP1	289	17	26	+	13.9174	3.25e-06	0.048	GGGGCGGGGA
MA0079.1	SP1	3089	118	127	+	13.9174	3.25e-06	0.048	GGGGCGGGGA
MA0079.1	SP1	5920	118	127	-	13.9174	3.25e-06	0.048	GGGGCGGGGA
MA0079.1	SP1	3089	258	267	+	13.9174	3.25e-06	0.048	GGGGCGGGGA
MA0079.1	SP1	14164	633	642	-	13.9174	3.25e-06	0.048	GGGGCGGGGA
MA0079.1	SP1	422	832	841	+	13.9174	3.25e-06	0.048	GGGGCGGGGA
MA0079.1	SP1	580	882	891	-	13.9174	3.25e-06	0.048	GGGGCGGGGA
MA0079.1	SP1	9924	923	932	+	13.9174	3.25e-06	0.048	GGGGCGGGGA
MA0079.1	SP1	4282	937	946	-	13.9174	3.25e-06	0.048	GGGGCGGGGA
MA0079.1	SP1	10398	954	963	-	13.9174	3.25e-06	0.048	GGGGCGGGGA
MA0079.1	SP1	10398	846	855	-	13.8991	3.75e-06	0.0499	GGGGCGTGGT
MA0079.1	SP1	246	945	954	-	13.8991	3.75e-06	0.0499	GGGGCGTGGT
MA0079.1	SP1	5656	350	359	+	13.5229	5.08e-06	0.0614	GCGGCGGGGT
MA0079.1	SP1	6492	983	992	+	13.5229	5.08e-06	0.0614	CGGGCGGGGT
MA0079.1	SP1	8480	9	18	-	13.2018	6.5e-06	0.0691	GGGGCGCGGT
MA0079.1	SP1	1991	579	588	+	13.2018	6.5e-06	0.0691	GGGGCGCGGT
MA0079.1	SP1	40	675	684	-	13.2018	6.5e-06	0.0691	GGGGCGCGGT
MA0079.1	SP1	4282	35	44	-	12.945	9.57e-06	0.0773	GAGGCAGGGT
MA0079.1	SP1	1705	70	79	-	12.945	9.57e-06	0.0773	TGGGCTGGGT
MA0079.1	SP1	401	99	108	-	12.945	9.57e-06	0.0773	TGGGCTGGGT
MA0079.1	SP1	252	309	318	-	12.945	9.57e-06	0.0773	TGGGCTGGGT
MA0079.1	SP1	5705	329	338	-	12.945	9.57e-06	0.0773	GAGGCTGGGT
MA0079.1	SP1	1599	656	665	+	12.945	9.57e-06	0.0773	TGGGCAGGGT
MA0079.1	SP1	5536	85	94	-	12.9358	9.98e-06	0.0773	GGGGCGGGCT
MA0079.1	SP1	10398	221	230	-	12.9266	1.05e-05	0.0773	GGGGTGGGGT
MA0079.1	SP1	11435	454	463	-	12.9266	1.05e-05	0.0773	GGGGTGGGGT
MA0079.1	SP1	10398	489	498	-	12.9266	1.05e-05	0.0773	GGGGTGGGGT
MA0079.1	SP1	14164	615	624	-	12.9266	1.05e-05	0.0773	GGGGTGGGGT
MA0079.1	SP1	289	201	210	+	12.9083	1.25e-05	0.0848	GGGGGTGGGT
MA0079.1	SP1	3089	437	446	+	12.9083	1.25e-05	0.0848	GGGGGTGGGT
MA0079.1	SP1	3533	21	30	-	12.6422	1.5e-05	0.0848	GGGGCTGGGA
MA0079.1	SP1	524	279	288	-	12.6422	1.5e-05	0.0848	GAGGCGGGGA
MA0079.1	SP1	1599	313	322	-	12.6422	1.5e-05	0.0848	GGGGCAGGGA
MA0079.1	SP1	1991	30	39	+	12.6422	1.5e-05	0.0848	GAGGCGGGGA
MA0079.1	SP1	5920	45	54	+	12.6422	1.5e-05	0.0848	GGGGCAGGGA
MA0079.1	SP1	252	157	166	+	12.6422	1.5e-05	0.0848	GAGGCGGGGA
MA0079.1	SP1	10999	374	383	+	12.6422	1.5e-05	0.0848	GGGGCAGGGA
MA0079.1	SP1	2730	455	464	+	12.6422	1.5e-05	0.0848	TGGGCGGGGA
MA0079.1	SP1	6393	931	940	+	12.6422	1.5e-05	0.0848	GGGGCAGGGA
MA0079.1	SP1	11699	273	282	-	12.6239	1.75e-05	0.0896	TGGGCGTGGT
MA0079.1	SP1	401	305	314	-	12.6239	1.75e-05	0.0896	TGGGCGTGGT
MA0079.1	SP1	9956	318	327	-	12.6239	1.75e-05	0.0896	TGGGCGTGGT
MA0079.1	SP1	11467	664	673	+	12.6239	1.75e-05	0.0896	GGGGCTTGGT
MA0079.1	SP1	11301	44	53	-	12.6055	1.79e-05	0.0896	GGGGGGGGGA
MA0079.1	SP1	11977	512	521	-	12.6055	1.79e-05	0.0896	GGGGGGGGGA
MA0079.1	SP1	8953	812	821	-	12.3578	2.08e-05	0.097	TGGGCGGTGT
MA0079.1	SP1	7838	84	93	+	12.3578	2.08e-05	0.097	GAGGCGGTGT
MA0079.1	SP1	11617	371	380	+	12.3578	2.08e-05	0.097	GGGGCTGTGT
MA0079.1	SP1	8704	897	906	+	12.3578	2.08e-05	0.097	GGGGCTGTGT
MA0079.1	SP1	1359	555	564	+	12.2477	2.49e-05	0.109	GCGGCAGGGT
MA0079.1	SP1	10752	357	366	+	12.211	2.57e-05	0.109	CGGGGGGGGT
MA0079.1	SP1	10761	109	118	-	12.0367	2.68e-05	0.109	GGGGCGTTGT
MA0079.1	SP1	674	739	748	-	11.9725	3.05e-05	0.109	AAGGCGGGGT
MA0079.1	SP1	14036	780	789	-	11.9725	3.05e-05	0.109	GTGGCAGGGT
MA0079.1	SP1	6233	937	946	-	11.9725	3.05e-05	0.109	AGGGCTGGGT
MA0079.1	SP1	8480	732	741	+	11.9725	3.05e-05	0.109	AGGGCTGGGT
MA0079.1	SP1	5536	66	75	-	11.945	3.13e-05	0.109	GCGGCGGGGA
MA0079.1	SP1	9167	891	900	-	11.945	3.13e-05	0.109	CGGGCGGGGA
MA0079.1	SP1	7098	87	96	+	11.945	3.13e-05	0.109	GCGGCGGGGA
MA0079.1	SP1	1676	200	209	+	11.945	3.13e-05	0.109	GCGGCGGGGA
MA0079.1	SP1	6721	864	873	+	11.945	3.13e-05	0.109	GCGGCGGGGA
MA0079.1	SP1	11699	611	620	-	11.9358	3.23e-05	0.109	GTGGGGGGGT
MA0079.1	SP1	5312	852	861	-	11.9358	3.23e-05	0.109	GTGGGGGGGT
MA0079.1	SP1	680	87	96	-	11.9266	3.53e-05	0.109	CGGGCGTGGT
MA0079.1	SP1	580	308	317	-	11.9266	3.53e-05	0.109	CGGGCGTGGT
MA0079.1	SP1	4098	343	352	-	11.9266	3.53e-05	0.109	CGGGCGTGGT
MA0079.1	SP1	1705	368	377	-	11.9266	3.53e-05	0.109	CGGGCGTGGT
MA0079.1	SP1	1448	461	470	-	11.9266	3.53e-05	0.109	CGGGCGTGGT
MA0079.1	SP1	6492	518	527	-	11.9266	3.53e-05	0.109	CGGGCGTGGT
MA0079.1	SP1	3396	538	547	-	11.9266	3.53e-05	0.109	CGGGCGTGGT
MA0079.1	SP1	3705	899	908	-	11.9266	3.53e-05	0.109	CGGGCGTGGT
MA0079.1	SP1	6233	254	263	+	11.9266	3.53e-05	0.109	TGGGCGCGGT
MA0079.1	SP1	5853	285	294	+	11.9266	3.53e-05	0.109	TGGGCGCGGT
MA0079.1	SP1	6116	524	533	+	11.9266	3.53e-05	0.109	TGGGCGCGGT
MA0079.1	SP1	6116	658	667	+	11.9266	3.53e-05	0.109	CGGGCGTGGT
MA0079.1	SP1	1991	714	723	+	11.9266	3.53e-05	0.109	CGGGCGTGGT
MA0079.1	SP1	12932	926	935	+	11.9266	3.53e-05	0.109	GCGGCGTGGT
MA0079.1	SP1	403	950	959	+	11.9266	3.53e-05	0.109	CGGGCGTGGT
MA0079.1	SP1	5293	37	46	+	11.8899	3.57e-05	0.109	GGGGGGCGGT
MA0079.1	SP1	10942	45	54	-	11.6697	3.82e-05	0.112	AGGGCGGGGA
MA0079.1	SP1	11699	412	421	-	11.6697	3.82e-05	0.112	TAGGCTGGGT
MA0079.1	SP1	8001	584	593	-	11.6697	3.82e-05	0.112	AGGGCGGGGA
MA0079.1	SP1	4165	497	506	+	11.6697	3.82e-05	0.112	AGGGCGGGGA
MA0079.1	SP1	674	866	875	-	11.6606	4.12e-05	0.118	GGGGCTGGCT
MA0079.1	SP1	9571	24	33	+	11.6606	4.12e-05	0.118	GGGGCAGGCT
MA0079.1	SP1	10398	288	297	-	11.6514	4.49e-05	0.122	GGGGTAGGGT
MA0079.1	SP1	11435	449	458	-	11.6514	4.49e-05	0.122	GGGGTTGGGT
MA0079.1	SP1	1676	49	58	+	11.6514	4.49e-05	0.122	GTGGCGTGGT
MA0079.1	SP1	12101	199	208	+	11.6514	4.49e-05	0.122	GAGGTGGGGT
MA0079.1	SP1	580	611	620	+	11.6514	4.49e-05	0.122	GGGGTAGGGT
MA0079.1	SP1	40	991	1000	-	11.633	4.8e-05	0.126	TGGGGTGGGT
MA0079.1	SP1	2177	624	633	+	11.633	4.8e-05	0.126	TGGGGAGGGT
MA0079.1	SP1	10999	762	771	+	11.633	4.8e-05	0.126	TGGGGAGGGT
MA0079.1	SP1	10752	110	119	-	11.6239	4.88e-05	0.126	GGGGGGGGCT
MA0079.1	SP1	11838	266	275	+	11.6239	4.88e-05	0.126	GGGGCGCGGA
MA0079.1	SP1	3705	139	148	-	11.3853	5.29e-05	0.128	GAGGCGGGAT
MA0079.1	SP1	8704	509	518	-	11.3853	5.29e-05	0.128	AGGGCGGTGT
MA0079.1	SP1	9325	780	789	-	11.3853	5.29e-05	0.128	GAGGCGGGAT
MA0079.1	SP1	9325	906	915	-	11.3853	5.29e-05	0.128	GAGGCGGGAT
MA0079.1	SP1	6954	583	592	+	11.3853	5.29e-05	0.128	GGGGCTGGAT
MA0079.1	SP1	11532	98	107	-	11.367	5.6e-05	0.128	TGGGCAGGGA
MA0079.1	SP1	6209	210	219	-	11.367	5.6e-05	0.128	GAGGCTGGGA
MA0079.1	SP1	11699	344	353	-	11.367	5.6e-05	0.128	GAGGCTGGGA
MA0079.1	SP1	11469	417	426	-	11.367	5.6e-05	0.128	GAGGCAGGGA
MA0079.1	SP1	9956	716	725	-	11.367	5.6e-05	0.128	GAGGCTGGGA
MA0079.1	SP1	8022	103	112	-	11.3578	5.64e-05	0.128	GGGGCGGGCA
MA0079.1	SP1	5293	129	138	-	11.3578	5.64e-05	0.128	GGGGCGGGCA
MA0079.1	SP1	11977	511	520	-	11.3486	6.11e-05	0.128	GGGGGGGGAT
MA0079.1	SP1	1676	733	742	-	11.3486	6.11e-05	0.128	TGGGCATGGT
MA0079.1	SP1	10398	966	975	-	11.3486	6.11e-05	0.128	GGGGTGGGGA
MA0079.1	SP1	7902	121	130	+	11.3486	6.11e-05	0.128	GAGGCATGGT
MA0079.1	SP1	6209	372	381	+	11.3486	6.11e-05	0.128	GAGGCTTGGT
MA0079.1	SP1	2177	620	629	+	11.3486	6.11e-05	0.128	GGGGTGGGGA
MA0079.1	SP1	4399	200	209	+	11.3394	6.21e-05	0.128	GGGGCGTGCT
MA0079.1	SP1	14397	70	79	-	11.3303	6.47e-05	0.128	GGGGGAGGGA
MA0079.1	SP1	2177	247	256	-	11.3303	6.47e-05	0.128	GGGGGAGGGA
MA0079.1	SP1	1705	14	23	-	11.3119	6.72e-05	0.128	GAGGGGTGGT
MA0079.1	SP1	8022	269	278	-	11.3119	6.72e-05	0.128	GGGGGATGGT
MA0079.1	SP1	2177	417	426	-	11.3119	6.72e-05	0.128	GGGGGATGGT
MA0079.1	SP1	8056	751	760	-	11.3119	6.72e-05	0.128	GAGGGGTGGT
MA0079.1	SP1	5853	24	33	+	11.3119	6.72e-05	0.128	GGGGGTTGGT
MA0079.1	SP1	6209	29	38	+	11.3119	6.72e-05	0.128	TGGGGGTGGT
MA0079.1	SP1	6349	529	538	+	11.3119	6.72e-05	0.128	GGGGGTTGGT
MA0079.1	SP1	9924	630	639	+	11.3119	6.72e-05	0.128	GAGGGGTGGT
MA0079.1	SP1	422	55	64	-	11.2294	6.9e-05	0.128	CGGGCGCGGT
MA0079.1	SP1	8480	321	330	-	11.2294	6.9e-05	0.128	CGGGCGCGGT
MA0079.1	SP1	580	443	452	-	11.2294	6.9e-05	0.128	CGGGCGCGGT
MA0079.1	SP1	5656	612	621	-	11.2294	6.9e-05	0.128	CGGGCGCGGT
MA0079.1	SP1	10883	736	745	-	11.2294	6.9e-05	0.128	CGGGCGCGGT
MA0079.1	SP1	11617	69	78	+	11.2294	6.9e-05	0.128	CGGGCGCGGT
MA0079.1	SP1	680	431	440	+	11.2294	6.9e-05	0.128	CGGGCGCGGT
MA0079.1	SP1	4385	654	663	+	11.2294	6.9e-05	0.128	CGGGCGCGGT
MA0079.1	SP1	8953	654	663	+	11.2294	6.9e-05	0.128	GCGGCGCGGT
MA0079.1	SP1	6144	661	670	+	11.2294	6.9e-05	0.128	CGGGCGCGGT
MA0079.1	SP1	1991	889	898	+	11.2294	6.9e-05	0.128	CGGGCGCGGT
MA0079.1	SP1	10999	340	349	+	11.0826	7.33e-05	0.134	GGGGCGGGAA
MA0079.1	SP1	12101	382	391	+	11.0826	7.33e-05	0.134	GAGGCAGTGT
MA0079.1	SP1	5293	39	48	+	11.0734	7.38e-05	0.134	GGGGCGGTCT
MA0079.1	SP1	4165	207	216	+	11.0459	7.99e-05	0.139	GAGGGGGTGT
MA0079.1	SP1	10424	295	304	-	11.0459	7.99e-05	0.139	GAGGGGGTGT
MA0079.1	SP1	10424	398	407	+	11.0459	7.99e-05	0.139	GAGGGGGTGT
MA0079.1	SP1	6393	629	638	-	11.0459	7.99e-05	0.139	GGGGCTTGGA
MA0079.1	SP1	5938	676	685	+	11.0459	7.99e-05	0.139	GAGGGGGTGT
MA0079.1	SP1	5938	678	687	+	11.0459	7.99e-05	0.139	GGGGGTGTGT
MA0079.1	SP1	9924	909	918	+	11.0459	7.99e-05	0.139	GGGGCTTGGA
MA0079.1	SP1	10752	360	369	+	11.0092	8.04e-05	0.139	GGGGGGTGGA
MA0079.1	SP1	2035	292	301	-	10.9725	8.35e-05	0.141	CAGGCAGGGT
MA0079.1	SP1	11400	319	328	-	10.9725	8.35e-05	0.141	CAGGCAGGGT
MA0079.1	SP1	8981	612	621	+	10.9725	8.35e-05	0.141	CAGGCTGGGT
MA0079.1	SP1	10999	658	667	+	10.9633	8.43e-05	0.141	GCGGCGGGCT
MA0079.1	SP1	10424	32	41	+	10.9541	8.63e-05	0.141	GCGGTGGGGT
MA0079.1	SP1	6492	651	660	-	10.9541	8.63e-05	0.141	AGGGCGCGGT
MA0079.1	SP1	6116	754	763	-	10.9541	8.63e-05	0.141	GTGGCGCGGT
MA0079.1	SP1	10081	939	948	+	10.9541	8.63e-05	0.141	GCGGTGGGGT
MA0079.1	SP1	10109	190	199	+	10.9358	8.93e-05	0.141	GCGGGTGGGT
MA0079.1	SP1	2871	297	306	-	10.9358	8.93e-05	0.141	CGGGGAGGGT
MA0079.1	SP1	12298	370	379	-	10.9358	8.93e-05	0.141	CGGGGTGGGT
MA0079.1	SP1	2730	459	468	+	10.9358	8.93e-05	0.141	CGGGGAGGGT
MA0079.1	SP1	10081	867	876	-	10.9358	8.93e-05	0.141	CGGGGAGGGT
MA0079.1	SP1	3533	967	976	+	10.9358	8.93e-05	0.141	GCGGGAGGGT
MA0079.1	SP1	6349	398	407	-	10.7798	9.24e-05	0.144	GAGGCGGTGA
MA0079.1	SP1	6209	532	541	-	10.7798	9.24e-05	0.144	TGGGCGGTGA
MA0079.1	SP1	8981	185	194	-	10.7615	9.54e-05	0.148	GAGGCGTTGT
MA0079.1	SP1	7098	215	224	-	10.6972	9.95e-05	0.153	AAGGCAGGGT
MA0079.1	SP1	9536	451	460	+	10.6972	9.95e-05	0.153	TTGGCTGGGT

# FIMO (Find Individual Motif Occurrences): Version 5.0.0 compiled on Jun  8 2018 at 00:22:22
# The format of this file is described at http://meme-suite.org//doc/fimo-output-format.html.
# /home/meme/meme_5.0.0/bin/fimo --oc . --verbosity 1 --thresh 1.0E-4 MA0079.1.meme motif_analysis_factor_five.negative.fa
